-- Sprint 620: Add 56 missing MAGIC skills + type table entries from MSSQL 25xx Sept backup
-- Source: KO_25XX_SEPT (14-Eylül-2025-10-57-DB.bak) — verified identical to KO_DB
--
-- TBL vs DB comparison revealed:
--   - 242/242 TBL files match DB row counts exactly
--   - magic_type6 missing 5 rows (MSSQL has 251, PG had 250)
--   - magic main table missing 56 skills from MSSQL
--   - 37 orphan references (magic.type1→magic_typeX with no type entry)
--     Only 1 fixable from MSSQL (490158), rest are orphaned in MSSQL too
--
-- Breakdown of 56 missing skills:
--   type0 (passive/none): 3 skills
--   type3 (damage): 9 skills
--   type4 (buff): 21 skills
--   type5 (cure/resurrect): 4 skills
--   type6 (transform): 19 skills (includes Genie TS, Disguise, transform scrolls)

-- =====================================================
-- MAGIC main table — 56 missing skills
-- =====================================================
INSERT INTO magic (magic_num, en_name, t_1, before_action, target_action, self_effect, flying_effect, target_effect, moral, skill_level, skill, msp, hp, s_sp, item_group, use_item, cast_time, recast_time, success_rate, type1, type2, range, etc, use_standing, skill_check, icelightrate)
VALUES
(480010, 'Resurrection Scroll(80)', 18, 0, 0, 0, 0, 702, 1, 0, 0, 0, 0, 0, 9, 900136000, 0, 2, 100, 5, 0, 0, 0, 0, 0, 0),
(490069, 'Spell of lion strength', -1, 0, 0, 0, 0, 702, 1, 0, 0, 0, 0, 0, 9, 900137000, 5, 55, 100, 4, 0, 30, 0, 0, 0, 0),
(490139, 'Greater water-based shell', 4, 113, 0, 0, 0, 3205, 10, 30010, 0, 0, 0, 0, 9, 389106000, 16, 30, 100, 3, 0, 70, 0, 0, 0, 0),
(490152, 'Fireball scroll [Special]', -1, 0, 0, 0, 0, 602, 1, 0, 0, 0, 0, 0, 9, 800124000, 5, 20, 100, 3, 0, 25, 0, 0, 0, 0),
(490154, 'Thunder scroll [Special]', -1, 0, 0, 0, 0, 702, 1, 0, 0, 0, 0, 0, 9, 800125000, 5, 20, 100, 3, 0, 25, 0, 0, 0, 0),
(490156, 'Fireball scroll [Special]', -1, 0, 0, 0, 0, 602, 1, 0, 0, 0, 0, 0, 9, 800126000, 5, 20, 100, 3, 0, 25, 0, 0, 0, 0),
(490160, 'Thunder scroll [Special]', -1, 0, 0, 0, 0, 702, 1, 0, 0, 0, 0, 0, 9, 800127000, 5, 20, 100, 3, 0, 25, 0, 0, 0, 0),
(490360, 'Disguise Scroll', -1, 0, 0, 0, 0, 701, 1, 0, 3100, 0, 0, 0, 9, 0, 0, 0, 0, 6, 0, 0, 0, 0, 0, 0),
(490408, 'Shield of Fire', 18, 0, 0, 0, 0, 2903, 32, 1, 0, 450, 0, 0, 9, 900172000, 5, 600, 100, 4, 0, 30, 0, 0, 0, 0),
(490409, 'Heal scroll', 18, 0, 0, 0, 0, 20005, 10, 1, 0, 450, 0, 0, 9, 900173000, 5, 600, 100, 5, 0, 30, 0, 0, 0, 0),
(500090, 'Disguise TS (Karus)', 0, 0, 0, 0, 0, 701, 1, 0, 0, 0, 0, 0, 9, 518011000, 0, 0, 100, 6, 4, 0, 0, 0, 0, 0),
(500091, 'Disguise TS (Human)', 0, 0, 0, 0, 0, 701, 1, 0, 0, 0, 0, 0, 9, 518012000, 0, 0, 100, 6, 4, 0, 0, 0, 0, 0),
(500119, 'EXP Boost Scroll', -1, 0, 0, 0, 0, 702, 1, 0, 0, 0, 0, 0, 9, 810082000, 0, 0, 100, 4, 0, 0, 0, 0, 0, 0),
(500120, 'EXP Boost Scroll', -1, 0, 0, 0, 0, 702, 1, 0, 0, 0, 0, 0, 9, 810083000, 0, 0, 100, 4, 0, 0, 0, 0, 0, 0),
(500127, 'Merchant Eye', 0, 0, 0, 0, 0, 0, 0, 0, 0, 0, 0, 0, 9, 0, 5, 200, 0, 0, 0, 0, 0, 0, 0, 0),
(500246, 'Pumpkin Candy', -1, 0, 0, 0, 0, 702, 1, 1, 0, 0, 0, 0, 9, 870079000, 0, 10, 100, 4, 0, 0, 0, 0, 0, 0),
(500960, 'Slave Priest Armor 300(L)', -1, 0, 0, 0, 0, 32075, 1, 0, 0, 0, 0, 0, 9, 0, 0, 0, 100, 4, 0, 25, 0, 0, 0, 0),
(500961, 'Slave Priest HP 1500(L)', -1, 0, 0, 0, 0, 32075, 1, 0, 0, 0, 0, 0, 9, 0, 0, 0, 100, 4, 0, 25, 0, 0, 0, 0),
(500962, 'Slave Priest Armor 350(L)', -1, 0, 0, 0, 0, 32075, 1, 0, 0, 0, 0, 0, 9, 0, 0, 0, 100, 4, 0, 25, 0, 0, 0, 0),
(500963, 'Slave Priest HP 2000(L)', -1, 0, 0, 0, 0, 32075, 1, 0, 0, 0, 0, 0, 9, 0, 0, 0, 100, 4, 0, 25, 0, 0, 0, 0),
(500964, 'Slave Priest Armor 400(L)', -1, 0, 0, 0, 0, 32075, 1, 0, 0, 0, 0, 0, 9, 0, 0, 0, 100, 4, 0, 25, 0, 0, 0, 0),
(500965, 'Slave Priest HP 2500(L)', -1, 0, 0, 0, 0, 32075, 1, 0, 0, 0, 0, 0, 9, 0, 0, 0, 100, 4, 0, 25, 0, 0, 0, 0),
(500966, 'Slave Priest Undying', -1, 0, 0, 0, 0, 32075, 1, 0, 0, 0, 0, 0, 9, 0, 0, 0, 100, 4, 0, 25, 0, 0, 0, 0),
(500967, 'Slave Priest Superior healing(1920)', -1, 0, 0, 0, 0, 605, 2, 0, 0, 0, 0, 0, 9, 0, 0, 0, 100, 3, 0, 25, 0, 0, 0, 0),
(500968, 'Slave Priest Complete healing(10000)', -1, 0, 0, 0, 0, 605, 2, 0, 0, 0, 0, 0, 9, 0, 0, 0, 100, 3, 0, 25, 0, 0, 0, 0),
(500969, 'Slave Priest Group massive healing(960)', -1, 0, 0, 0, 0, 605, 6, 0, 0, 0, 0, 0, 9, 0, 0, 0, 100, 3, 0, 25, 0, 0, 0, 0),
(500970, 'Slave Priest Group complete healing(10000)', -1, 0, 0, 0, 0, 605, 6, 0, 0, 0, 0, 0, 9, 0, 0, 0, 100, 3, 0, 25, 0, 0, 0, 0),
(500971, 'Slave Priest Cure curse', -1, 0, 0, 0, 0, 32064, 2, 0, 0, 0, 0, 0, 9, 0, 0, 0, 100, 5, 0, 25, 0, 0, 0, 0),
(500972, 'Slave Priest Cure disease', -1, 0, 0, 0, 0, 32063, 2, 0, 0, 0, 0, 0, 9, 0, 0, 0, 100, 5, 0, 25, 0, 0, 0, 0),
(500973, 'Slave Priest Malice', -1, 0, 0, 0, 0, 801, 7, 0, 0, 0, 0, 0, 9, 0, 0, 0, 100, 4, 0, 25, 0, 0, 0, 0),
(500974, 'Slave Priest Parasite', -1, 0, 0, 0, 0, 801, 7, 0, 0, 0, 0, 0, 9, 0, 0, 0, 100, 4, 0, 25, 0, 0, 0, 0),
(500975, 'Slave Priest Massive', -1, 0, 0, 0, 0, 801, 7, 0, 0, 0, 0, 0, 9, 0, 0, 0, 100, 4, 0, 25, 0, 0, 0, 0),
(501560, 'Genie Death Knight TS', -1, 392200000, 0, 0, 0, 701, 1, 0, 0, 0, 0, 0, 9, 392200000, 0, 0, 100, 6, 4, 0, 0, 0, 0, 0),
(501561, 'Genie Orc Bowman TS', -1, 392300000, 0, 0, 0, 701, 1, 0, 0, 0, 0, 0, 9, 392300000, 0, 0, 100, 6, 4, 0, 0, 0, 0, 0),
(501562, 'Genie Uruk Tron TS', -1, 392400000, 0, 0, 0, 701, 1, 0, 0, 0, 0, 0, 9, 392400000, 0, 0, 100, 6, 4, 0, 0, 0, 0, 0),
(501563, 'Genie Kecoon TS', -1, 392100000, 0, 0, 0, 701, 1, 0, 0, 0, 0, 0, 9, 392100000, 0, 0, 100, 6, 4, 0, 0, 0, 0, 0),
(501564, 'Genie item skill', 0, 0, 0, 0, 0, 0, 0, 0, 0, 0, 0, 0, 9, 300145037, 0, 0, 0, 0, 0, 0, 0, 0, 0, 0),
(501565, 'Genie item skill', 0, 0, 0, 0, 0, 0, 0, 0, 0, 0, 0, 0, 9, 300146038, 0, 0, 0, 0, 0, 0, 0, 0, 0, 0),
(503003, 'Item buff scroll (premium)', -1, 0, 0, 0, 0, 702, 1, 0, 0, 0, 0, 0, 9, 910110000, 5, 55, 100, 4, 0, 30, 0, 0, 0, 0),
(510115, 'EXP Premium Scroll', -1, 0, 0, 0, 0, 702, 1, 0, 0, 0, 0, 0, 9, 820075000, 0, 0, 100, 4, 0, 0, 0, 0, 0, 0),
(510116, 'EXP Premium Scroll', -1, 0, 0, 0, 0, 702, 1, 0, 0, 0, 0, 0, 9, 820076000, 0, 0, 100, 4, 0, 0, 0, 0, 0, 0),
(510121, 'EXP Premium Scroll', -1, 0, 0, 0, 0, 702, 1, 0, 0, 0, 0, 0, 9, 820084000, 0, 0, 100, 4, 0, 0, 0, 0, 0, 0),
(510510, 'Transform Scroll (Karus)', -1, 0, 0, 0, 0, 701, 1, 0, 0, 0, 0, 0, 9, 890200000, 0, 0, 0, 6, 4, 0, 0, 0, 0, 0),
(510512, 'Transform Scroll (Karus)', -1, 0, 0, 0, 0, 701, 1, 0, 0, 0, 0, 0, 9, 890220000, 0, 0, 0, 6, 4, 0, 0, 0, 0, 0),
(510514, 'Transform Scroll (Human)', -1, 0, 0, 0, 0, 701, 1, 0, 0, 0, 0, 0, 9, 810270000, 0, 0, 0, 6, 4, 0, 0, 0, 0, 0),
(510515, 'Transform Scroll (Human)', -1, 0, 0, 0, 0, 701, 1, 0, 0, 0, 0, 0, 9, 810280000, 0, 0, 0, 6, 4, 0, 0, 0, 0, 0),
(510516, 'Transform Scroll (Human)', -1, 0, 0, 0, 0, 701, 1, 0, 0, 0, 0, 0, 9, 810290000, 0, 0, 0, 6, 4, 0, 0, 0, 0, 0),
(510518, 'Transform Scroll (Karus)', -1, 0, 0, 0, 0, 701, 1, 0, 0, 0, 0, 0, 9, 810310000, 0, 0, 0, 6, 4, 0, 0, 0, 0, 0),
(510519, 'Transform Scroll (Karus)', -1, 0, 0, 0, 0, 701, 1, 0, 0, 0, 0, 0, 9, 810320000, 0, 0, 0, 6, 4, 0, 0, 0, 0, 0),
(510520, 'Transform Scroll (Karus)', -1, 0, 0, 0, 0, 701, 1, 0, 0, 0, 0, 0, 9, 810330000, 0, 0, 0, 6, 4, 0, 0, 0, 0, 0),
(600127, 'Prayer Of Kratos Power', -1, 0, 0, 0, 0, 702, 1, 0, 0, 0, 0, 0, 9, 357200000, 5, 55, 100, 4, 0, 25, 0, 0, 0, 0),
(601008, 'Premium Buff Scroll', -1, 0, 0, 0, 0, 702, 1, 46, 0, 0, 0, 0, 9, 900055000, 0, 0, 100, 4, 0, 0, 0, 0, 0, 0),
(610118, 'Transform Cape TS (Karus)', 0, 0, 0, 0, 0, 701, 1, 0, 0, 0, 0, 0, 9, 508095000, 0, 0, 100, 6, 4, 0, 0, 0, 0, 0),
(610119, 'Transform Cape TS (Human)', 0, 0, 0, 0, 0, 701, 1, 0, 0, 0, 0, 0, 9, 508097000, 0, 0, 100, 6, 4, 0, 0, 0, 0, 0),
(610120, 'Disguise TS (Karus)', 0, 0, 0, 0, 0, 701, 1, 0, 0, 0, 0, 0, 9, 508094000, 0, 0, 100, 6, 4, 0, 0, 0, 0, 0),
(610121, 'Disguise TS (Human)', 0, 0, 0, 0, 0, 701, 1, 0, 0, 0, 0, 0, 9, 508096000, 0, 0, 100, 6, 4, 0, 0, 0, 0, 0)
ON CONFLICT (magic_num) DO NOTHING;

-- =====================================================
-- MAGIC_TYPE3 — 9 missing damage skills
-- =====================================================
INSERT INTO magic_type3 (i_num, direct_type, first_damage, time_damage, duration, attribute, radius, add_dmg_perc_to_user, add_dmg_perc_to_npc)
VALUES
(490139, 17, -1800, 0, 0, 1, 10, 100, 100),
(490152, 1, 1080, 0, 0, 0, 0, 100, 100),
(490154, 2, 2880, 0, 0, 0, 0, 100, 100),
(490156, 1, 1080, 0, 0, 0, 0, 100, 100),
(490160, 2, 2880, 0, 0, 0, 0, 100, 100),
(500967, 1, 1920, 0, 0, 0, 0, 100, 100),
(500968, 1, 10000, 0, 0, 0, 0, 100, 100),
(500969, 1, 960, 0, 0, 0, 30, 100, 100),
(500970, 1, 10000, 0, 0, 0, 30, 100, 100)
ON CONFLICT (i_num) DO NOTHING;

-- =====================================================
-- MAGIC_TYPE4 — 21 missing buff skills
-- =====================================================
INSERT INTO magic_type4 (i_num, buff_type, radius, duration, attack_speed, speed, ac, ac_pct, attack, magic_attack, max_hp, max_hp_pct, max_mp, max_mp_pct, str, sta, dex, intel, cha, fire_r, cold_r, lightning_r, magic_r, disease_r, poison_r, exp_pct, special_amount, hit_rate, avoid_rate)
VALUES
(490069, 7, 0, 300, 100, 100, 0, 100, 100, 100, 0, 100, 0, 100, 15, 15, 15, 15, 15, 50, 50, 50, 50, 50, 50, 100, 0, 100, 100),
(490408, 8, 30, 10, 100, 100, 0, 100, 100, 100, 0, 100, 0, 100, 0, 0, 0, 0, 0, 200, 200, 200, 200, 200, 200, 100, 0, 100, 100),
(500119, 11, 0, 3600, 100, 100, 0, 100, 100, 100, 0, 100, 0, 100, 0, 0, 0, 0, 0, 0, 0, 0, 0, 0, 0, 130, 0, 100, 100),
(500120, 11, 0, 3600, 100, 100, 0, 100, 100, 100, 0, 100, 0, 100, 0, 0, 0, 0, 0, 0, 0, 0, 0, 0, 0, 130, 0, 100, 100),
(500246, 33, 0, 1800, 100, 100, 0, 100, 100, 100, 0, 100, 200, 100, 0, 0, 0, 0, 0, 0, 0, 0, 0, 0, 0, 100, 0, 100, 100),
(500960, 2, 0, 600, 100, 100, 300, 100, 100, 100, 0, 100, 0, 100, 0, 0, 0, 0, 0, 0, 0, 0, 0, 0, 0, 100, 0, 100, 100),
(500961, 1, 0, 600, 100, 100, 0, 100, 100, 100, 1500, 100, 0, 100, 0, 0, 0, 0, 0, 0, 0, 0, 0, 0, 0, 100, 0, 100, 100),
(500962, 2, 0, 600, 100, 100, 350, 100, 100, 100, 0, 100, 0, 100, 0, 0, 0, 0, 0, 0, 0, 0, 0, 0, 0, 100, 0, 100, 100),
(500963, 1, 0, 600, 100, 100, 0, 100, 100, 100, 2000, 100, 0, 100, 0, 0, 0, 0, 0, 0, 0, 0, 0, 0, 0, 100, 0, 100, 100),
(500964, 2, 0, 600, 100, 100, 400, 100, 100, 100, 0, 100, 0, 100, 0, 0, 0, 0, 0, 0, 0, 0, 0, 0, 0, 100, 0, 100, 100),
(500965, 1, 0, 600, 100, 100, 0, 100, 100, 100, 2500, 100, 0, 100, 0, 0, 0, 0, 0, 0, 0, 0, 0, 0, 0, 100, 0, 100, 100),
(500966, 1, 0, 600, 100, 100, 0, 100, 100, 100, 0, 160, 0, 100, 0, 0, 0, 0, 0, 0, 0, 0, 0, 0, 0, 100, 0, 100, 100),
(500973, 2, 0, 90, 100, 100, 0, 80, 100, 100, 0, 100, 0, 100, 0, 0, 0, 0, 0, 0, 0, 0, 0, 0, 0, 100, 0, 100, 100),
(500974, 1, 0, 90, 100, 100, 0, 100, 100, 100, 0, 80, 0, 100, 0, 0, 0, 0, 0, 0, 0, 0, 0, 0, 0, 100, 0, 100, 100),
(500975, 4, 0, 90, 100, 100, 0, 100, 80, 100, 0, 100, 0, 100, 0, 0, 0, 0, 0, 0, 0, 0, 0, 0, 0, 100, 0, 100, 100),
(503003, 7, 0, 3600, 100, 100, 0, 100, 100, 100, 0, 100, 0, 100, 5, 5, 5, 5, 5, 0, 0, 0, 0, 0, 0, 100, 0, 100, 100),
(510115, 11, 0, 3600, 100, 100, 0, 100, 100, 100, 0, 100, 0, 100, 0, 0, 0, 0, 0, 0, 0, 0, 0, 0, 0, 170, 0, 100, 100),
(510116, 11, 0, 3600, 100, 100, 0, 100, 100, 100, 0, 100, 0, 100, 0, 0, 0, 0, 0, 0, 0, 0, 0, 0, 0, 140, 0, 100, 100),
(510121, 11, 0, 3600, 100, 100, 0, 100, 100, 100, 0, 100, 0, 100, 0, 0, 0, 0, 0, 0, 0, 0, 0, 0, 0, 130, 0, 100, 100),
(600127, 4, 0, 1800, 100, 100, 0, 100, 150, 100, 0, 100, 0, 100, 0, 0, 0, 0, 0, 0, 0, 0, 0, 0, 0, 100, 0, 100, 100),
(601008, 11, 0, 14400, 100, 100, 0, 100, 100, 100, 0, 100, 0, 100, 0, 0, 0, 0, 0, 0, 0, 0, 0, 0, 0, 120, 0, 100, 100)
ON CONFLICT (i_num) DO NOTHING;

-- =====================================================
-- MAGIC_TYPE5 — 4 missing cure/resurrect skills
-- =====================================================
INSERT INTO magic_type5 (i_num, type, exp_recover, need_stone)
VALUES
(480010, 4, 80, 0),
(490409, 5, 0, 0),
(500971, 2, 0, 0),
(500972, 1, 0, 0)
ON CONFLICT (i_num) DO NOTHING;

-- =====================================================
-- MAGIC_TYPE6 — 20 missing transform skills
-- (includes 5 from original KO_DB + 15 new from 25xx Sept)
-- =====================================================
INSERT INTO magic_type6 (i_num, size, transform_id, duration, max_hp, max_mp, speed, attack_speed,
    total_hit, total_ac, total_hit_rate, total_evasion_rate, total_fire_r, total_cold_r,
    total_lightning_r, total_magic_r, total_disease_r, total_poison_r, class, user_skill_use,
    need_item, skill_success_rate, monster_friendly, nation)
VALUES
(490158, 120, 1001, 1800, 0, 0, 0, 0, 0, 0, 0, 0, 0, 0, 0, 0, 0, 0, 1111, 4, 1, 0, 0, 0),
(490360, 100, 26013, 3000, 0, 0, 0, 0, 0, 0, 0, 0, 0, 0, 0, 0, 0, 0, 1111, 3, 1, 0, 0, 1),
(500090, 100, 5871, 1800, 0, 0, 0, 0, 0, 0, 0, 0, 0, 0, 0, 0, 0, 0, 1111, 3, 1, 0, 1, 2),
(500091, 100, 5870, 1800, 0, 0, 0, 0, 0, 0, 0, 0, 0, 0, 0, 0, 0, 0, 1111, 3, 1, 0, 1, 1),
(501560, 150, 1100, 3600, 0, 0, 0, 0, 0, 0, 0, 0, 0, 0, 0, 0, 0, 0, 1111, 1, 2, 0, 1, 0),
(501561, 100, 1631, 3600, 0, 0, 0, 0, 0, 0, 0, 0, 0, 0, 0, 0, 0, 0, 1111, 1, 2, 0, 1, 0),
(501562, 150, 1636, 3600, 0, 0, 0, 0, 0, 0, 0, 0, 0, 0, 0, 0, 0, 0, 1111, 1, 2, 0, 1, 0),
(501563, 80, 100, 3600, 0, 0, 0, 0, 0, 0, 0, 0, 0, 0, 0, 0, 0, 0, 1111, 1, 2, 0, 1, 0),
(510510, 100, 26013, 3600, 0, 0, 0, 0, 0, 0, 0, 0, 0, 0, 0, 0, 0, 0, 1111, 3, 2, 0, 1, 1),
(510512, 100, 26015, 3600, 0, 0, 0, 0, 0, 0, 0, 0, 0, 0, 0, 0, 0, 0, 1111, 3, 2, 0, 1, 1),
(510514, 100, 26009, 3600, 0, 0, 0, 0, 0, 0, 0, 0, 0, 0, 0, 0, 0, 0, 1111, 3, 2, 0, 1, 2),
(510515, 100, 26010, 3600, 0, 0, 0, 0, 0, 0, 0, 0, 0, 0, 0, 0, 0, 0, 1111, 3, 2, 0, 1, 2),
(510516, 100, 26011, 3600, 0, 0, 0, 0, 0, 0, 0, 0, 0, 0, 0, 0, 0, 0, 1111, 3, 2, 0, 1, 2),
(510518, 100, 26013, 3600, 0, 0, 0, 0, 0, 0, 0, 0, 0, 0, 0, 0, 0, 0, 1111, 3, 2, 0, 1, 1),
(510519, 100, 26014, 3600, 0, 0, 0, 0, 0, 0, 0, 0, 0, 0, 0, 0, 0, 0, 1111, 3, 2, 0, 1, 1),
(510520, 100, 26015, 3600, 0, 0, 0, 0, 0, 0, 0, 0, 0, 0, 0, 0, 0, 0, 1111, 3, 2, 0, 1, 1),
(610118, 100, 5873, 1800, 0, 0, 0, 0, 0, 0, 0, 0, 0, 0, 0, 0, 0, 0, 1111, 4, 1, 0, 1, 2),
(610119, 100, 5872, 1800, 0, 0, 0, 0, 0, 0, 0, 0, 0, 0, 0, 0, 0, 0, 1111, 4, 1, 0, 1, 1),
(610120, 100, 5871, 1800, 0, 0, 0, 0, 0, 0, 0, 0, 0, 0, 0, 0, 0, 0, 1111, 3, 1, 0, 1, 2),
(610121, 100, 5870, 1800, 0, 0, 0, 0, 0, 0, 0, 0, 0, 0, 0, 0, 0, 0, 1111, 3, 1, 0, 1, 1)
ON CONFLICT (i_num) DO NOTHING;
